"","pvalues","AMPLIFIED_MUTATED/(AMPLIFIED_MUTATED+AMPLIFIED_WT)","NON_AMPLIFIED_MUTATED/(NON_AMPLIFIED_MUTATED+NON_AMPLIFIED_WT)","contingency table frequencies (A,B,C,D)","tp_flags","Mutational_Freq","adjusted_pvalue"
"TP53",0.000272766085796156,0.454545454545455,0.205415499533147,"(20,220,24,851)","TRUE","888/2255 (0.393791574279379)",0.00190936260057309
"AHNAK2",0.00842756317421019,0.372549019607843,0.208480565371025,"(19,236,32,896)","TRUE","537/2266 (0.236981465136805)",0.0294964711097357
"CDH1",0.0522504075393759,0.0227272727272727,0.121495327102804,"(1,130,43,940)","TRUE","243/2105 (0.115439429928741)",0.121917617591877
"MAP3K1",0.386293782061232,0.0888888888888889,0.145814581458146,"(4,162,41,949)","TRUE","337/2185 (0.154233409610984)",0.676014118607156
"PIK3CA",0.554190072037671,0.531914893617021,0.484742807323452,"(25,556,22,591)","TRUE","1112/2338 (0.475620188195038)",0.775866100852739
"MUC16",0.68477796631393,0.136363636363636,0.176043557168784,"(6,194,38,908)","TRUE","499/2211 (0.22568973315242)",0.798907627366252
"AHNAK",1,0.0909090909090909,0.0988909426987061,"(4,107,40,975)","TRUE","246/2113 (0.116422148603881)",1
