,pvalues,AMPLIFIED_MUTATED/(AMPLIFIED_MUTATED+AMPLIFIED_WT),NON_AMPLIFIED_MUTATED/(NON_AMPLIFIED_MUTATED+NON_AMPLIFIED_WT),Mutational_frequency_filter_pass,Mutational_Freq,adjusted_pvalue
FLG,0.070117003,0.567567568,0.376623377,TRUE,0.245901639,0.350585013
TTN,0.234196836,0.893333333,0.829787234,TRUE,0.461538462,0.585492091
TP53,0.819210787,0.756756757,0.724637681,TRUE,0.441666667,1
MUC4,0.849656021,0.476190476,0.512195122,TRUE,0.288888889,1
MUC16,1,0.634615385,0.641304348,TRUE,0.356687898,1
