"","pvalues","AMPLIFIED_DELETERIOUS/(AMPLIFIED_DELETERIOUS+AMPLIFIED_WT)","NON_AMPLIFIED_DELETERIOUS/(NON_AMPLIFIED_DELETERIOUS+NON_AMPLIFIED_WT)","contingency table frequencies (A,B,C,D)","tp_flags","Mutational_Freq","adjusted_pvalue"
"TP53",4.3622455442075e-16,0.28996282527881,0.0779569892473118,"(156,29,382,343)","TRUE","370/1106 (0.334538878842676)",3.05357188094525e-15
"PIK3CA",2.9757487346392e-09,0.140893470790378,0.309815950920245,"(82,101,500,225)","TRUE","408/1145 (0.356331877729258)",1.04151205712372e-08
"GATA3",0.0188677000640351,0.00657894736842105,0.0257879656160458,"(4,9,604,340)","TRUE","138/1093 (0.126258005489478)",0.0440246334827485
"MAP3K1",0.831693191223745,0.0253968253968254,0.0213333333333333,"(16,8,614,367)","TRUE","137/1132 (0.121024734982332)",1
"CDH1",1,0.0127388535031847,0.0123076923076923,"(8,4,620,321)","TRUE","140/1093 (0.128087831655993)",1
"MUC16",1,0,0,"(NA,NA,603,357)","TRUE","158/1132 (0.139575971731449)",1
"TTN",1,0,0,"(NA,NA,538,329)","TRUE","364/1240 (0.293548387096774)",1
