"","pvalues","AMPLIFIED_MUTATED/(AMPLIFIED_MUTATED+AMPLIFIED_WT)","NON_AMPLIFIED_MUTATED/(NON_AMPLIFIED_MUTATED+NON_AMPLIFIED_WT)","contingency table frequencies (A,B,C,D)","tp_flags","Mutational_Freq","adjusted_pvalue"
"TP53",5.42797281342435e-26,0.47071129707113,0.253827558420629,"(450,315,506,926)","TRUE","888/2320 (0.382758620689655)",3.79958096939705e-25
"PIK3CA",1.17371702926243e-06,0.36890243902439,0.470766894457099,"(363,620,621,697)","TRUE","1112/2430 (0.45761316872428)",4.10800960241849e-06
"CDH1",0.00139788684020014,0.0708994708994709,0.111021069692058,"(67,137,878,1097)","TRUE","243/2218 (0.109558160504959)",0.00326173596046699
"AHNAK",0.277051875006798,0.106203995793901,0.0914927768860353,"(101,114,850,1132)","TRUE","246/2228 (0.110412926391382)",0.463387107569411
"MUC16",0.330990791121008,0.201438848920863,0.184663536776213,"(196,236,777,1042)","TRUE","499/2318 (0.215271786022433)",0.463387107569411
"AHNAK2",0.464418992952672,0.19578313253012,0.208875286916603,"(195,273,801,1034)","TRUE","537/2372 (0.226391231028668)",0.541822158444784
"MAP3K1",0.754069022663385,0.128934010152284,0.134012539184953,"(127,171,858,1105)","TRUE","337/2300 (0.146521739130435)",0.754069022663385
