,pvalues,AMPLIFIED_DELETERIOUS/(AMPLIFIED_DELETERIOUS+AMPLIFIED_WT),NON_AMPLIFIED_DELETERIOUS/(NON_AMPLIFIED_DELETERIOUS+NON_AMPLIFIED_WT),Mutational_frequency_filter_pass,Mutational_Freq,adjusted_pvalue
FLG,0.056011677,0.272727273,0.076923077,TRUE,0.245901639,0.280058385
TP53,0.192493775,0.625,0.441176471,TRUE,0.441666667,0.481234438
MUC4,0.541666667,0,0.047619048,TRUE,0.288888889,0.902777778
TTN,1,0.272727273,0.272727273,TRUE,0.461538462,1
MUC16,1,0.173913043,0.195121951,TRUE,0.356687898,1
