"","pvalues","AMPLIFIED_MUTATED/(AMPLIFIED_MUTATED+AMPLIFIED_WT)","NON_AMPLIFIED_MUTATED/(NON_AMPLIFIED_MUTATED+NON_AMPLIFIED_WT)","contingency table frequencies (A,B,C,D)","tp_flags","Mutational_Freq","adjusted_pvalue"
"TP53",0.000253521743293906,0.44,0.127777777777778,"(11,46,14,314)","TRUE","370/1104 (0.335144927536232)",0.00177465220305734
"TTN",0.014315817009818,0.533333333333333,0.30607476635514,"(16,131,14,297)","TRUE","364/1238 (0.294022617124394)",0.050105359534363
"MAP3K1",0.0570740753468514,0,0.128342245989305,"(NA,48,25,326)","TRUE","137/1130 (0.121238938053097)",0.133172842475987
"CDH1",0.193419126012115,0.08,0.209944751381215,"(2,76,23,286)","TRUE","140/1091 (0.128322639780018)",0.338483470521201
"PIK3CA",0.322302828750472,0.37037037037037,0.478371501272265,"(10,188,17,205)","TRUE","408/1143 (0.356955380577428)",0.451223960250661
"MUC16",0.553913789093213,0.08,0.144385026737968,"(2,54,23,320)","TRUE","158/1130 (0.139823008849558)",0.646232753942081
"GATA3",0.779802611958122,0.12,0.161643835616438,"(3,59,22,306)","TRUE","138/1092 (0.126373626373626)",0.779802611958122
